SNP,effect_allele.exposure,other_allele.exposure,effect_allele.outcome,other_allele.outcome,beta.exposure,beta.outcome,eaf.exposure,eaf.outcome,remove,palindromic,ambiguous,id.outcome,chr.outcome,pos.outcome,pval.outcome,se.outcome,samplesize.outcome,outcome,mr_keep.outcome,pval_origin.outcome,chr.exposure,pos.exposure,samplesize.exposure,se.exposure,pval.exposure,exposure,mr_keep.exposure,pval_origin.exposure,id.exposure,id,R2,F,action,mr_keep
rs115150472,T,C,T,C,2.534,-0.0978093,4e-04,0.0275317,FALSE,FALSE,FALSE,T9jhFP,5,146759225,0.0118872,0.038883,350062,Atopic dermatitis,TRUE,reported,5,146759225,3656,0.5718,9.63e-06,GCST90001394,TRUE,reported,03rrrT,RXUZyx,0.00534308445021191,19.6285073534957,2,TRUE
rs116851238,T,C,T,C,-0.4319,-0.105525,0.0176,0.00541558,FALSE,FALSE,FALSE,T9jhFP,10,33503086,0.229757,0.0878651,350062,Atopic dermatitis,TRUE,reported,10,33503086,3656,0.08996,1.644e-06,GCST90001394,TRUE,reported,03rrrT,RXUZyx,0.00626515537386757,23.0372094325876,2,TRUE
rs117518951,C,T,C,T,0.2458,-0.00938403,0.049,0.0530164,FALSE,FALSE,FALSE,T9jhFP,16,55415281,0.741237,0.0284179,350062,Atopic dermatitis,TRUE,reported,16,55415281,3656,0.0546,6.927e-06,GCST90001394,TRUE,reported,03rrrT,RXUZyx,0.0055127904745917,20.2554001712813,2,TRUE
rs12197153,A,G,A,G,2.216,-0.000983939,7e-04,0.0873927,FALSE,FALSE,FALSE,T9jhFP,6,100373584,0.965122,0.0225017,350062,Atopic dermatitis,TRUE,reported,6,100373584,3656,0.4431,5.959e-07,GCST90001394,TRUE,reported,03rrrT,RXUZyx,0.00679467773081081,24.9976030853906,2,TRUE
rs12208085,A,C,A,C,1.919,-0.0455494,8e-04,0.0405697,FALSE,FALSE,FALSE,T9jhFP,6,100896250,0.157852,0.0322512,350062,Atopic dermatitis,TRUE,reported,6,100896250,3656,0.4108,3.103e-06,GCST90001394,TRUE,reported,03rrrT,RXUZyx,0.00593332866314552,21.809787572877,2,TRUE
rs12516105,C,T,C,T,0.1537,-0.0284746,0.1737,0.256957,FALSE,FALSE,FALSE,T9jhFP,5,160771873,0.0501695,0.0145389,350062,Atopic dermatitis,TRUE,reported,5,160771873,3656,0.03194,1.554e-06,GCST90001394,TRUE,reported,03rrrT,RXUZyx,0.00629404173288698,23.1440984132521,2,TRUE
rs12799241,A,G,A,G,0.13,-0.00810113,0.2619,0.19042,FALSE,FALSE,FALSE,T9jhFP,11,120110021,0.616638,0.0161821,350062,Atopic dermatitis,TRUE,reported,11,120110021,3656,0.0273,1.993e-06,GCST90001394,TRUE,reported,03rrrT,RXUZyx,0.00616410322160691,22.663332291341,2,TRUE
rs12906621,A,G,A,G,0.1764,0.00520757,0.1091,0.0883174,FALSE,FALSE,FALSE,T9jhFP,15,36885212,0.816513,0.0224434,350062,Atopic dermatitis,TRUE,reported,15,36885212,3656,0.03817,3.911e-06,GCST90001394,TRUE,reported,03rrrT,RXUZyx,0.00580787118036185,21.345935738033,2,TRUE
rs139801247,C,T,C,T,0.3801,0.0439886,0.0208,0.0382897,FALSE,FALSE,FALSE,T9jhFP,9,135856008,0.183608,0.0330809,350062,Atopic dermatitis,TRUE,reported,9,135856008,3656,0.0836,5.63e-06,GCST90001394,TRUE,reported,03rrrT,RXUZyx,0.00562248483537906,20.6607241969604,2,TRUE
rs141880653,T,C,T,C,1.849,-0.0168016,0.001,0.0056517,FALSE,FALSE,FALSE,T9jhFP,5,167543732,0.846435,0.086754,350062,Atopic dermatitis,TRUE,reported,5,167543732,3656,0.3979,3.49e-06,GCST90001394,TRUE,reported,03rrrT,RXUZyx,0.00587167763191702,21.5818316250333,2,TRUE
rs143176410,C,G,C,G,1.912,-0.0215411,0.001,0.006955,FALSE,TRUE,FALSE,T9jhFP,16,84271633,0.776372,0.0758357,350062,Atopic dermatitis,TRUE,reported,16,84271633,3656,0.3929,1.185e-06,GCST90001394,TRUE,reported,03rrrT,RXUZyx,0.00643578419316704,23.6686819711353,2,TRUE
rs143397127,C,T,C,T,-0.4549,0.106885,0.0157,0.00149368,FALSE,FALSE,FALSE,T9jhFP,7,12807766,0.545494,0.176808,350062,Atopic dermatitis,TRUE,reported,7,12807766,3656,0.09626,2.376e-06,GCST90001394,TRUE,reported,03rrrT,RXUZyx,0.00607140435052339,22.3204278395028,2,TRUE
rs147207149,G,A,G,A,0.6732,-0.0252269,0.0075,0.0169596,FALSE,FALSE,FALSE,T9jhFP,5,129451060,0.604429,0.0486965,350062,Atopic dermatitis,TRUE,reported,5,129451060,3656,0.1407,1.784e-06,GCST90001394,TRUE,reported,03rrrT,RXUZyx,0.00622275754182442,22.880334833974,2,TRUE
rs150663332,T,C,T,C,-0.1942,0.00267665,0.084,0.0884673,FALSE,FALSE,FALSE,T9jhFP,8,2097003,0.904471,0.0223025,350062,Atopic dermatitis,TRUE,reported,8,2097003,3656,0.0428,5.881e-06,GCST90001394,TRUE,reported,03rrrT,RXUZyx,0.00559971554111904,20.5765836022295,2,TRUE
rs1510970,A,G,A,G,-0.1966,0.0232099,0.087,0.165102,FALSE,FALSE,FALSE,T9jhFP,5,118881043,0.17126,0.0169643,350062,Atopic dermatitis,TRUE,reported,5,118881043,3656,0.04234,3.57e-06,GCST90001394,TRUE,reported,03rrrT,RXUZyx,0.00586280507987445,21.5490275098121,2,TRUE
rs17056318,C,T,C,T,-0.2225,-0.0156287,0.081,0.056552,FALSE,FALSE,FALSE,T9jhFP,5,158858945,0.566314,0.027252,350062,Atopic dermatitis,TRUE,reported,5,158858945,3656,0.04431,5.374e-07,GCST90001394,TRUE,reported,03rrrT,RXUZyx,0.00684960242587113,25.2010645369197,2,TRUE
rs190448231,G,T,G,T,0.327,-0.136227,0.028,0.00842492,FALSE,FALSE,FALSE,T9jhFP,7,88239228,0.0470728,0.0686061,350062,Atopic dermatitis,TRUE,reported,7,88239228,3656,0.07351,8.894e-06,GCST90001394,TRUE,reported,03rrrT,RXUZyx,0.00538334483847668,19.7772095788998,2,TRUE
rs2395904,G,T,G,T,-0.1253,0.0160969,0.2657,0.265783,FALSE,FALSE,FALSE,T9jhFP,8,129605573,0.262189,0.0143564,350062,Atopic dermatitis,TRUE,reported,8,129605573,3656,0.0268,3.025e-06,GCST90001394,TRUE,reported,03rrrT,RXUZyx,0.00594343428281877,21.8471560054044,2,TRUE
rs283340,C,T,C,T,0.1175,-0.0182011,0.5621,0.527947,FALSE,FALSE,FALSE,T9jhFP,8,69281301,0.155981,0.0128293,350062,Atopic dermatitis,TRUE,reported,8,69281301,3656,0.02409,1.128e-06,GCST90001394,TRUE,reported,03rrrT,RXUZyx,0.00646515659623144,23.7774068614412,2,TRUE
rs34764986,C,T,C,T,-0.2175,0.00913915,0.0699,0.0291738,FALSE,FALSE,FALSE,T9jhFP,20,61351498,0.80769,0.0375468,350062,Atopic dermatitis,TRUE,reported,20,61351498,3656,0.04671,3.315e-06,GCST90001394,TRUE,reported,03rrrT,RXUZyx,0.00589555393863447,21.6701114023994,2,TRUE
rs4792571,T,G,T,G,0.1093,0.00402857,0.4699,0.47764,FALSE,FALSE,FALSE,T9jhFP,17,15027917,0.750088,0.0126476,350062,Atopic dermatitis,TRUE,reported,17,15027917,3656,0.02377,4.418e-06,GCST90001394,TRUE,reported,03rrrT,RXUZyx,0.00575004644644636,21.1321807360621,2,TRUE
rs655580,A,G,A,G,0.1183,-0.000369244,0.4571,0.346752,FALSE,FALSE,FALSE,T9jhFP,19,52535857,0.977814,0.0132774,350062,Atopic dermatitis,TRUE,reported,19,52535857,3656,0.0239,7.705e-07,GCST90001394,TRUE,reported,03rrrT,RXUZyx,0.00665682001327426,24.4870260536034,2,TRUE
rs72691696,T,C,T,C,1.476,-0.0205173,0.0014,0.0369423,FALSE,FALSE,FALSE,T9jhFP,1,166629445,0.540747,0.0335422,350062,Atopic dermatitis,TRUE,reported,1,166629445,3656,0.332,9.049e-06,GCST90001394,TRUE,reported,03rrrT,RXUZyx,0.00537710863666062,19.7541753050005,2,TRUE
rs75474045,A,G,A,G,0.5528,-0.0621215,0.0126,0.021414,FALSE,FALSE,FALSE,T9jhFP,13,71854164,0.16935,0.0452024,350062,Atopic dermatitis,TRUE,reported,13,71854164,3656,0.1063,2.085e-07,GCST90001394,TRUE,reported,03rrrT,RXUZyx,0.00734281595021738,27.0291193306356,2,TRUE
rs7690529,G,A,G,A,0.5256,0.146039,0.0115,0.00453272,FALSE,FALSE,FALSE,T9jhFP,4,90491241,0.124176,0.0949858,350062,Atopic dermatitis,TRUE,reported,4,90491241,3656,0.1173,7.719e-06,GCST90001394,TRUE,reported,03rrrT,RXUZyx,0.00546172717684286,20.066750219207,2,TRUE
rs77983244,A,G,A,G,-0.2904,-0.0334474,0.0325,0.0849258,FALSE,FALSE,FALSE,T9jhFP,17,7412708,0.145553,0.0229812,350062,Atopic dermatitis,TRUE,reported,17,7412708,3656,0.06537,9.195e-06,GCST90001394,TRUE,reported,03rrrT,RXUZyx,0.00536898344944523,19.724164235608,2,TRUE
rs8076302,T,C,T,C,-0.1385,0.00440151,0.185,0.245958,FALSE,FALSE,FALSE,T9jhFP,17,81291901,0.766242,0.0148052,350062,Atopic dermatitis,TRUE,reported,17,81291901,3656,0.03056,6.007e-06,GCST90001394,TRUE,reported,03rrrT,RXUZyx,0.00558667740106964,20.5284047986773,2,TRUE
